id,first_name,last_name,email,street_name
1,Christopher,Garrett,cgarrett0@wp.com,258 Pond Point
2,Lawrence,Taylor,ltaylor1@ifeng.com,28 Harbort Plaza
3,Catherine,Peterson,cpeterson2@java.com,398 Atwood Crossing
4,Irene,Hudson,ihudson3@desdev.cn,37 Mockingbird Center
5,Walter,Gardner,wgardner4@usda.gov,601 Bobwhite Point
6,Jack,Hayes,jhayes5@ftc.gov,00 Crownhardt Lane
7,Todd,Hughes,thughes6@mtv.com,98 Roth Trail
8,Thomas,Spencer,tspencer7@oracle.com,2 Hazelcrest Point
9,Aaron,Ortiz,aortiz8@geocities.com,94010 Bluestem Street
10,Ruth,Robinson,rrobinson9@edublogs.org,9 Dakota Court
11,Samuel,Woods,swoodsa@seattletimes.com,2243 Stephen Place
12,Philip,Torres,ptorresb@microsoft.com,2 Lakeland Parkway
13,Brenda,Mitchell,bmitchellc@bloomberg.com,23042 Fallview Court
14,Sandra,Rodriguez,srodriguezd@bigcartel.com,980 Colorado Junction
15,Christopher,Hart,charte@360.cn,0807 Autumn Leaf Drive
16,Patricia,Duncan,pduncanf@goodreads.com,4141 Springs Trail
17,Harry,Murray,hmurrayg@elpais.com,76 Talmadge Hill
18,Janet,Bowman,jbowmanh@sakura.ne.jp,1 Laurel Terrace
19,Sandra,Walker,swalkeri@mapquest.com,272 Sugar Hill
20,Martha,Frazier,mfrazierj@cpanel.net,03585 Vermont Parkway
21,Paula,Henry,phenryk@wikimedia.org,38271 Thierer Trail
22,William,Perry,wperryl@wisc.edu,1 Schlimgen Court
23,Willie,Washington,wwashingtonm@cam.ac.uk,01846 Green Point
24,Margaret,Palmer,mpalmern@umich.edu,4178 Graceland Place
25,Terry,Graham,tgrahamo@delicious.com,0 Coleman Pass
26,Barbara,Lee,bleep@usatoday.com,7 Meadow Valley Court
27,Maria,Cruz,mcruzq@artisteer.com,8 Redwing Alley
28,Philip,Jacobs,pjacobsr@hatena.ne.jp,202 Monument Place
29,Kenneth,Graham,kgrahams@reddit.com,89916 Magdeline Drive
30,Debra,Patterson,dpattersont@miibeian.gov.cn,8 Larry Road
31,Kathleen,Matthews,kmatthewsu@live.com,156 Carioca Lane
32,Eric,Jenkins,ejenkinsv@a8.net,12 Bultman Junction
33,Dorothy,Cunningham,dcunninghamw@berkeley.edu,830 Superior Circle
34,Bobby,Miller,bmillerx@bbb.org,731 Mariners Cove Pass
35,Carol,Kelley,ckelleyy@nydailynews.com,774 Morning Place
36,Alice,Bishop,abishopz@gov.uk,442 Sutherland Park
37,Patrick,Matthews,pmatthews10@google.com.br,690 Darwin Pass
38,Stephanie,Roberts,sroberts11@shareasale.com,935 Hoepker Drive
39,Joyce,King,jking12@list-manage.com,9 Packers Plaza
40,Carolyn,Harvey,charvey13@hc360.com,78 Arapahoe Junction
41,Edward,Alvarez,ealvarez14@infoseek.co.jp,6 Forster Avenue
42,Margaret,Murray,mmurray15@wsj.com,3 West Terrace
43,Nicholas,Murray,nmurray16@earthlink.net,433 Logan Circle
44,Carlos,Nguyen,cnguyen17@nps.gov,127 Eastwood Terrace
45,John,Rogers,jrogers18@51.la,26 Rieder Trail
46,Joan,Mills,jmills19@sogou.com,24 Darwin Court
47,Christopher,Rodriguez,crodriguez1a@virginia.edu,1344 Merchant Crossing
48,Justin,Chapman,jchapman1b@narod.ru,92 Starling Crossing
49,Virginia,Hawkins,vhawkins1c@arstechnica.com,4077 Southridge Plaza
50,Raymond,Dean,rdean1d@nifty.com,7420 Roth Park
51,Beverly,Wells,bwells1e@myspace.com,27 Toban Parkway
52,Joseph,Watson,jwatson1f@google.ca,3 Vidon Crossing
53,Donald,Phillips,dphillips1g@ed.gov,721 Caliangt Trail
54,Andrew,Tucker,atucker1h@europa.eu,38571 2nd Avenue
55,Robert,Torres,rtorres1i@arizona.edu,6 Banding Plaza
56,Ruby,Jordan,rjordan1j@oaic.gov.au,61795 Vahlen Lane
57,Angela,Flores,aflores1k@rediff.com,302 Dunning Park
58,Jose,Elliott,jelliott1l@storify.com,76 Bunting Center
59,Roger,Richardson,rrichardson1m@weather.com,0 Schmedeman Center
60,James,Gardner,jgardner1n@yahoo.co.jp,022 Marcy Circle
61,Arthur,Williamson,awilliamson1o@virginia.edu,11179 Claremont Parkway
62,Julia,Daniels,jdaniels1p@xrea.com,92 Tony Pass
63,Brian,Sanders,bsanders1q@un.org,079 Prairie Rose Pass
64,Craig,Parker,cparker1r@de.vu,73 Erie Park
65,Kenneth,Hudson,khudson1s@arizona.edu,5 Lien Drive
66,Patrick,Black,pblack1t@cbsnews.com,5006 Barby Alley
67,Nancy,Elliott,nelliott1u@pen.io,7 Mifflin Parkway
68,Mildred,Harvey,mharvey1v@engadget.com,05242 Bowman Center
69,Phillip,Cunningham,pcunningham1w@sfgate.com,59 Londonderry Pass
70,Margaret,Bailey,mbailey1x@squarespace.com,29 Manufacturers Trail
71,Annie,Welch,awelch1y@bbb.org,27543 Hermina Plaza
72,Lois,Duncan,lduncan1z@hatena.ne.jp,72 Evergreen Terrace
73,Martha,Tucker,mtucker20@yale.edu,4411 Sloan Road
74,Betty,Johnston,bjohnston21@answers.com,47895 Atwood Court
75,Lisa,Martin,lmartin22@dedecms.com,28046 Blue Bill Park Parkway
76,Shawn,Spencer,sspencer23@skype.com,33772 Butterfield Alley
77,Chris,Phillips,cphillips24@desdev.cn,581 Quincy Drive
78,Bobby,Montgomery,bmontgomery25@stumbleupon.com,5718 Debs Circle
79,Victor,Patterson,vpatterson26@indiegogo.com,324 Gale Circle
80,Betty,Hall,bhall27@twitpic.com,2174 Aberg Drive
81,Brenda,Williamson,bwilliamson28@wordpress.com,11 Park Meadow Park
82,Arthur,Smith,asmith29@diigo.com,8 Northfield Street
83,Philip,Andrews,pandrews2a@naver.com,135 Delladonna Circle
84,Amanda,Long,along2b@google.ca,328 Algoma Alley
85,Eugene,Dunn,edunn2c@bandcamp.com,465 Grover Parkway
86,Kimberly,Davis,kdavis2d@alibaba.com,3 Warrior Junction
87,Lawrence,Davis,ldavis2e@nps.gov,990 Mitchell Court
88,George,Bradley,gbradley2f@bluehost.com,31407 Donald Hill
89,Tammy,Dunn,tdunn2g@reverbnation.com,9 Darwin Terrace
90,Wanda,Mason,wmason2h@telegraph.co.uk,5 Pawling Center
91,Irene,Frazier,ifrazier2i@technorati.com,80999 Carey Park
92,Katherine,Gomez,kgomez2j@alexa.com,75 Thackeray Point
93,Gregory,Morgan,gmorgan2k@weather.com,29295 Eagan Alley
94,Frank,Larson,flarson2l@google.cn,9 Armistice Road
95,Sharon,Coleman,scoleman2m@deviantart.com,9910 Veith Road
96,Debra,Morgan,dmorgan2n@rambler.ru,69 Hayes Way
97,Evelyn,Nelson,enelson2o@prnewswire.com,391 Grasskamp Way
98,Mildred,Bishop,mbishop2p@google.ru,736 Delladonna Pass
99,Mildred,Harper,mharper2q@edublogs.org,77303 Judy Avenue
100,Donald,Nelson,dnelson2r@statcounter.com,300 Di Loreto Lane
101,Joshua,Kim,jkim2s@blogtalkradio.com,77087 Prentice Trail
102,Adam,Thompson,athompson2t@amazon.de,336 Kinsman Avenue
103,Deborah,Ruiz,druiz2u@eventbrite.com,077 Division Junction
104,James,Gutierrez,jgutierrez2v@sun.com,852 West Avenue
105,Maria,Jacobs,mjacobs2w@surveymonkey.com,25168 Green Ridge Crossing
106,Harry,Holmes,hholmes2x@wikia.com,0 Northfield Trail
107,George,Austin,gaustin2y@berkeley.edu,926 Golf View Street
108,Philip,Robinson,probinson2z@va.gov,9 Marquette Crossing
109,Billy,Berry,bberry30@amazonaws.com,42161 Westerfield Drive
110,Arthur,Murray,amurray31@bing.com,940 Nelson Hill
111,Joshua,Hawkins,jhawkins32@baidu.com,42 Orin Trail
112,Judy,Larson,jlarson33@google.it,9080 Melby Place
113,Michelle,Little,mlittle34@disqus.com,8 Brown Street
114,Gloria,Jordan,gjordan35@bluehost.com,0260 Logan Center
115,Albert,Ryan,aryan36@symantec.com,575 Marcy Way
116,Todd,Burton,tburton37@com.com,8967 Esker Point
117,Ryan,Mcdonald,rmcdonald38@squarespace.com,987 School Way
118,Denise,Castillo,dcastillo39@walmart.com,1990 Hagan Hill
119,Alan,Bowman,abowman3a@sakura.ne.jp,8985 Beilfuss Plaza
120,William,Jackson,wjackson3b@si.edu,691 Mallard Avenue
121,Mary,Gibson,mgibson3c@jimdo.com,57837 Hudson Parkway
122,Brandon,Owens,bowens3d@sfgate.com,08600 Talmadge Avenue
123,Diana,Wright,dwright3e@elegantthemes.com,71495 Daystar Crossing
124,Mark,Pierce,mpierce3f@arizona.edu,279 Forster Lane
125,Lois,Sullivan,lsullivan3g@paginegialle.it,9 Moose Lane
126,Chris,Gardner,cgardner3h@soundcloud.com,5596 Michigan Parkway
127,Jean,Edwards,jedwards3i@istockphoto.com,0 Anzinger Alley
128,Doris,Howard,dhoward3j@alexa.com,00 Paget Park
129,Richard,Montgomery,rmontgomery3k@vkontakte.ru,6034 Bay Avenue
130,Laura,Vasquez,lvasquez3l@reverbnation.com,2 Glacier Hill Park
131,Martin,Fox,mfox3m@chronoengine.com,23819 Sommers Trail
132,Judy,Palmer,jpalmer3n@xrea.com,07 Merrick Avenue
133,Mildred,Jacobs,mjacobs3o@washington.edu,04322 Linden Crossing
134,Linda,Coleman,lcoleman3p@themeforest.net,75 Stephen Way
135,Nicholas,Woods,nwoods3q@fotki.com,300 Artisan Trail
136,Julie,Reed,jreed3r@admin.ch,6 Schiller Pass
137,Walter,Foster,wfoster3s@wunderground.com,1 Kim Parkway
138,Alice,Evans,aevans3t@topsy.com,32751 Brown Center
139,Jean,Stevens,jstevens3u@google.nl,28173 Reindahl Center
140,Walter,Mcdonald,wmcdonald3v@kickstarter.com,75623 Elka Avenue
141,Phyllis,Reid,preid3w@wired.com,855 Southridge Road
142,Heather,Hansen,hhansen3x@whitehouse.gov,188 Golf Course Point
143,Jason,Stevens,jstevens3y@slashdot.org,70 Main Point
144,Phillip,Turner,pturner3z@samsung.com,59800 2nd Hill
145,Elizabeth,Reynolds,ereynolds40@webs.com,2 Fairfield Place
146,William,Stevens,wstevens41@netlog.com,3 Village Drive
147,Larry,Snyder,lsnyder42@indiatimes.com,81964 Lakewood Gardens Lane
148,Edward,West,ewest43@hp.com,8018 East Trail
149,Kimberly,Brown,kbrown44@a8.net,161 Debs Lane
150,Elizabeth,Schmidt,eschmidt45@miitbeian.gov.cn,5299 Killdeer Way
151,Mary,Perez,mperez46@whitehouse.gov,85 Kinsman Crossing
152,Kathleen,Burton,kburton47@artisteer.com,0 Esch Pass
153,Brandon,Davis,bdavis48@cornell.edu,4 Carey Point
154,Jeffrey,Grant,jgrant49@businessinsider.com,4 Butternut Junction
155,Amanda,Morris,amorris4a@stumbleupon.com,6493 Ruskin Plaza
156,Jeremy,Grant,jgrant4b@newyorker.com,482 Clarendon Circle
157,Bruce,Wallace,bwallace4c@nyu.edu,7809 Cambridge Lane
158,Philip,Bradley,pbradley4d@cafepress.com,29925 Browning Place
159,Wayne,Bowman,wbowman4e@nih.gov,23 Lake View Terrace
160,Nicole,Hansen,nhansen4f@vinaora.com,1423 Comanche Circle
161,Jeffrey,Olson,jolson4g@slideshare.net,2516 Hansons Center
162,Jack,Ortiz,jortiz4h@purevolume.com,4 Di Loreto Street
163,Tammy,Porter,tporter4i@bloomberg.com,26619 Hauk Trail
164,Carolyn,Gonzalez,cgonzalez4j@drupal.org,3 Iowa Parkway
165,Johnny,Welch,jwelch4k@imageshack.us,688 Grim Road
166,Donna,Cunningham,dcunningham4l@intel.com,57 Sunbrook Junction
167,Tina,Little,tlittle4m@bbb.org,04857 Badeau Trail
168,Alan,Morris,amorris4n@technorati.com,5 Lillian Point
169,James,Baker,jbaker4o@storify.com,7075 Montana Avenue
170,Sharon,Knight,sknight4p@biglobe.ne.jp,97920 Hansons Circle
171,Kenneth,Thomas,kthomas4q@opensource.org,807 Moulton Terrace
172,Emily,Wheeler,ewheeler4r@pen.io,074 Golf View Trail
173,Daniel,Jones,djones4s@wired.com,010 Weeping Birch Street
174,Phillip,Porter,pporter4t@shop-pro.jp,201 Basil Hill
175,Janice,Bailey,jbailey4u@webs.com,094 Express Plaza
176,Timothy,Kelly,tkelly4v@psu.edu,864 Artisan Park
177,Donna,Diaz,ddiaz4w@gmpg.org,2 Nevada Hill
178,Robert,Castillo,rcastillo4x@stanford.edu,18 Dixon Terrace
179,Antonio,Owens,aowens4y@weather.com,55540 Eliot Lane
180,Jesse,Patterson,jpatterson4z@xinhuanet.com,6 Canary Parkway
181,John,Cox,jcox50@wsj.com,80763 Hauk Circle
182,Ryan,Fisher,rfisher51@adobe.com,8211 Hazelcrest Hill
183,Lawrence,Tucker,ltucker52@cam.ac.uk,060 Shoshone Plaza
184,Terry,Vasquez,tvasquez53@java.com,92642 Vermont Drive
185,Jesse,Lawson,jlawson54@google.de,943 Ridge Oak Lane
186,Evelyn,Garza,egarza55@issuu.com,00 La Follette Hill
187,Howard,Wilson,hwilson56@imageshack.us,5186 Cody Junction
188,Raymond,Johnston,rjohnston57@tamu.edu,4 Tennyson Avenue
189,Nicholas,Montgomery,nmontgomery58@creativecommons.org,2 Dryden Place
190,Gary,Lawson,glawson59@nasa.gov,9 Surrey Way
191,Catherine,Hunt,chunt5a@gmpg.org,9332 Fallview Hill
192,Raymond,Freeman,rfreeman5b@amazon.co.jp,52906 Nevada Junction
193,Theresa,Hicks,thicks5c@sogou.com,29752 Darwin Hill
194,Albert,Wilson,awilson5d@cisco.com,152 Elgar Lane
195,Norma,Wallace,nwallace5e@t-online.de,68 Elgar Crossing
196,Jason,Long,jlong5f@yolasite.com,5462 Sloan Alley
197,Anna,Bell,abell5g@youtu.be,667 Brentwood Hill
198,Emily,Miller,emiller5h@ibm.com,89 Grover Parkway
199,Patricia,Lewis,plewis5i@huffingtonpost.com,428 Delladonna Hill
200,Joseph,Vasquez,jvasquez5j@woothemes.com,972 Mendota Park
201,Donna,Rodriguez,drodriguez5k@foxnews.com,8224 Cottonwood Crossing
202,Nicole,Gonzales,ngonzales5l@paypal.com,498 Bunker Hill Center
203,Karen,Mcdonald,kmcdonald5m@prweb.com,76 Lerdahl Terrace
204,William,Walker,wwalker5n@latimes.com,6606 Karstens Center
205,Bruce,Torres,btorres5o@sciencedaily.com,93287 Holy Cross Terrace
206,Denise,Elliott,delliott5p@usgs.gov,1846 Glendale Terrace
207,John,Wright,jwright5q@issuu.com,982 Oak Valley Parkway
208,Frank,Knight,fknight5r@aol.com,319 Orin Center
209,Julia,Gonzales,jgonzales5s@pbs.org,5 Kropf Parkway
210,Paul,Garcia,pgarcia5t@latimes.com,4 Independence Drive
211,Joe,Snyder,jsnyder5u@myspace.com,744 Jackson Park
212,Matthew,Fowler,mfowler5v@imdb.com,5605 Wayridge Hill
213,Laura,Washington,lwashington5w@thetimes.co.uk,601 Scoville Way
214,Janet,Peterson,jpeterson5x@jimdo.com,46342 Weeping Birch Place
215,Julie,Jackson,jjackson5y@ftc.gov,26073 Farragut Trail
216,Virginia,Barnes,vbarnes5z@cbslocal.com,51450 Vermont Drive
217,Adam,Griffin,agriffin60@nydailynews.com,096 Merrick Way
218,Jesse,Stewart,jstewart61@ask.com,9 Toban Street
219,Diane,Larson,dlarson62@yandex.ru,9 Aberg Plaza
220,Sarah,Rogers,srogers63@ifeng.com,37118 1st Trail
221,Brenda,Young,byoung64@oaic.gov.au,58498 Browning Street
222,Julie,Stephens,jstephens65@nbcnews.com,5471 Northridge Junction
223,Sharon,Myers,smyers66@ustream.tv,20514 Debs Road
224,Willie,Richards,wrichards67@i2i.jp,1614 Pankratz Place
225,William,Gibson,wgibson68@amazon.co.jp,54113 Green Ridge Trail
226,Gerald,Morrison,gmorrison69@google.it,91392 Canary Avenue
227,Roy,Martinez,rmartinez6a@dropbox.com,601 Cordelia Avenue
228,Marilyn,Freeman,mfreeman6b@ehow.com,4 Oak Valley Street
229,Amanda,Edwards,aedwards6c@hexun.com,158 Tony Trail
230,Jerry,Gonzalez,jgonzalez6d@usatoday.com,05454 Thierer Circle
231,Shawn,Bishop,sbishop6e@blogs.com,5 Schmedeman Court
232,Ruth,Price,rprice6f@liveinternet.ru,14 Morrow Road
233,Kimberly,Graham,kgraham6g@tuttocitta.it,78056 7th Court
234,Julie,Reed,jreed6h@japanpost.jp,8 Maryland Road
235,Joe,Ryan,jryan6i@freewebs.com,36 Anniversary Junction
236,Roger,Berry,rberry6j@admin.ch,48 Loomis Park
237,Adam,Sanders,asanders6k@wunderground.com,22974 Farwell Way
238,Robert,Gibson,rgibson6l@pinterest.com,9612 Dovetail Court
239,Catherine,Gomez,cgomez6m@va.gov,399 Surrey Terrace
240,Amanda,Wright,awright6n@hhs.gov,72647 4th Pass
241,Norma,Campbell,ncampbell6o@mozilla.org,5927 Carpenter Parkway
242,Michelle,Sims,msims6p@homestead.com,543 Kipling Center
243,Theresa,Rice,trice6q@spotify.com,4175 Grasskamp Hill
244,Jose,Matthews,jmatthews6r@unc.edu,82612 Steensland Alley
245,Heather,Lee,hlee6s@apache.org,09854 Kings Park
246,Helen,Henry,hhenry6t@wordpress.com,1 Transport Circle
247,John,Baker,jbaker6u@mozilla.org,5 Trailsway Park
248,James,Cook,jcook6v@nps.gov,546 Ohio Center
249,Angela,Evans,aevans6w@twitpic.com,2479 Pepper Wood Place
250,Katherine,Hudson,khudson6x@columbia.edu,0518 Boyd Alley
251,Christine,Chavez,cchavez6y@marketwatch.com,5 Chinook Place
252,Deborah,Wood,dwood6z@cam.ac.uk,60 Lillian Court
253,Steven,Griffin,sgriffin70@etsy.com,4 Canary Terrace
254,Earl,Peters,epeters71@theglobeandmail.com,500 Ridge Oak Trail
255,Amy,Williams,awilliams72@flavors.me,614 Haas Circle
256,Susan,Thomas,sthomas73@phoca.cz,609 Kim Court
257,Barbara,Simmons,bsimmons74@tinyurl.com,3857 Crownhardt Point
258,Roger,Cruz,rcruz75@unblog.fr,76803 Onsgard Center
259,Michael,Montgomery,mmontgomery76@networksolutions.com,85641 Miller Park
260,Anthony,Lynch,alynch77@nps.gov,95907 Derek Parkway
261,Lori,Stone,lstone78@xrea.com,4 Jenifer Point
262,Mark,Evans,mevans79@goo.gl,8 Golden Leaf Junction
263,Betty,Morrison,bmorrison7a@w3.org,61 Dawn Drive
264,Ronald,Hudson,rhudson7b@nhs.uk,3 8th Road
265,Debra,Perkins,dperkins7c@yolasite.com,6 Melby Park
266,David,Ryan,dryan7d@adobe.com,3 Rutledge Court
267,Clarence,Hart,chart7e@sciencedirect.com,83 Mayfield Trail
268,Ashley,Torres,atorres7f@blogspot.com,6 Tennessee Place
269,Dorothy,Bowman,dbowman7g@wikia.com,2586 Dakota Avenue
270,Kimberly,Payne,kpayne7h@digg.com,4 Rutledge Center
271,Anthony,Sanchez,asanchez7i@issuu.com,95393 Blaine Trail
272,Christopher,Woods,cwoods7j@xinhuanet.com,1219 Stang Way
273,Thomas,Banks,tbanks7k@lulu.com,8226 Kinsman Hill
274,Virginia,West,vwest7l@list-manage.com,81393 Del Sol Center
275,Jose,Adams,jadams7m@amazon.de,12 Manley Circle
276,Beverly,Kelly,bkelly7n@timesonline.co.uk,751 Sunbrook Court
277,Mark,Morgan,mmorgan7o@paypal.com,719 Welch Pass
278,Steven,Johnston,sjohnston7p@bigcartel.com,67135 Cardinal Parkway
279,Aaron,Mendoza,amendoza7q@google.com,0150 Schurz Center
280,Katherine,Myers,kmyers7r@europa.eu,86 Milwaukee Parkway
281,Wanda,Chavez,wchavez7s@bbb.org,48 Luster Parkway
282,Marie,Hawkins,mhawkins7t@moonfruit.com,450 Hansons Center
283,Evelyn,Jordan,ejordan7u@oakley.com,034 Ilene Road
284,Andrea,Gilbert,agilbert7v@facebook.com,1481 Dwight Center
285,Margaret,Marshall,mmarshall7w@theatlantic.com,15 Arrowood Parkway
286,Christina,Gordon,cgordon7x@wiley.com,9 Scoville Plaza
287,Henry,Reed,hreed7y@angelfire.com,3042 Leroy Street
288,Paula,Roberts,proberts7z@ftc.gov,83221 Pearson Circle
289,Rebecca,Coleman,rcoleman80@mashable.com,32190 Manley Way
290,Janet,Butler,jbutler81@cargocollective.com,479 Burrows Court
291,Donna,Rice,drice82@kickstarter.com,9534 Golf View Alley
292,Amanda,Elliott,aelliott83@simplemachines.org,13 Transport Terrace
293,Kathryn,Ellis,kellis84@princeton.edu,9037 Almo Circle
294,Antonio,Adams,aadams85@google.nl,3 Scoville Alley
295,Robert,Lawrence,rlawrence86@si.edu,1008 Tennessee Crossing
296,Christine,Collins,ccollins87@cnbc.com,30847 Leroy Avenue
297,Robin,Robinson,rrobinson88@pagesperso-orange.fr,54 Northridge Trail
298,Catherine,Stewart,cstewart89@opensource.org,639 Waywood Avenue
299,Ronald,Morrison,rmorrison8a@delicious.com,1203 Toban Terrace
300,Paula,Patterson,ppatterson8b@nymag.com,00795 Burrows Hill
301,Nancy,Wood,nwood8c@gravatar.com,57 Dawn Court
302,William,Griffin,wgriffin8d@hhs.gov,40 Sachs Alley
303,Willie,Woods,wwoods8e@house.gov,707 Lunder Junction
304,Sandra,Gardner,sgardner8f@ucoz.ru,87613 Superior Way
305,Tina,Burton,tburton8g@unesco.org,7 New Castle Road
306,Jerry,Gordon,jgordon8h@macromedia.com,88 Ryan Avenue
307,Lisa,Little,llittle8i@prlog.org,042 Vidon Junction
308,Frances,Lee,flee8j@nps.gov,3100 Bunting Way
309,Phyllis,Cunningham,pcunningham8k@google.co.uk,13 Eastlawn Hill
310,Kenneth,Roberts,kroberts8l@surveymonkey.com,521 Harper Terrace
311,Ashley,Grant,agrant8m@cnet.com,016 Kipling Junction
312,Alice,Reed,areed8n@phoca.cz,8 Clyde Gallagher Park
313,Joe,Kim,jkim8o@ucla.edu,25 Maple Drive
314,Ruth,Mccoy,rmccoy8p@cyberchimps.com,263 Westridge Alley
315,Thomas,Myers,tmyers8q@boston.com,120 Jay Crossing
316,Jason,Bailey,jbailey8r@booking.com,35045 Cody Avenue
317,Antonio,Bryant,abryant8s@shop-pro.jp,60 Russell Crossing
318,Doris,Allen,dallen8t@cyberchimps.com,177 Granby Pass
319,Michelle,Stewart,mstewart8u@addtoany.com,49 Surrey Circle
320,Lillian,Harris,lharris8v@parallels.com,24743 Weeping Birch Crossing
321,Wanda,Griffin,wgriffin8w@chron.com,201 Northport Street
322,Jose,Carr,jcarr8x@gravatar.com,299 Crescent Oaks Junction
323,Carol,Evans,cevans8y@elegantthemes.com,6467 Arapahoe Court
324,Maria,Gray,mgray8z@blogs.com,4 Melvin Plaza
325,Phyllis,Bennett,pbennett90@g.co,0852 Paget Parkway
326,Ann,Stewart,astewart91@umich.edu,7 Browning Park
327,Clarence,Williams,cwilliams92@nationalgeographic.com,51253 Beilfuss Terrace
328,Anthony,Mcdonald,amcdonald93@telegraph.co.uk,7 Rusk Road
329,Ryan,Morgan,rmorgan94@mail.ru,493 Lerdahl Court
330,Phillip,Burns,pburns95@is.gd,0 Superior Avenue
331,Irene,Harrison,iharrison96@kickstarter.com,4 Donald Junction
332,Daniel,Owens,dowens97@hexun.com,71647 Havey Street
333,Harold,White,hwhite98@state.gov,1 Schurz Road
334,Laura,Bowman,lbowman99@mail.ru,5 Westend Junction
335,Gerald,Russell,grussell9a@furl.net,8 Loomis Junction
336,Ryan,Parker,rparker9b@yandex.ru,121 Hermina Pass
337,Amy,Harris,aharris9c@hc360.com,73205 Dexter Lane
338,Michael,Hansen,mhansen9d@gmpg.org,6 Portage Crossing
339,Samuel,Walker,swalker9e@sciencedirect.com,79 Ridgeview Trail
340,Susan,Johnson,sjohnson9f@hubpages.com,325 Warner Parkway
341,Rebecca,Russell,rrussell9g@studiopress.com,7 Rowland Alley
342,Emily,Allen,eallen9h@ameblo.jp,93 Eastwood Hill
343,Chris,Hunter,chunter9i@sakura.ne.jp,92 Vera Street
344,Jessica,Freeman,jfreeman9j@house.gov,31107 Springs Avenue
345,Wayne,Scott,wscott9k@google.ca,415 Grover Plaza
346,Kathleen,Gonzalez,kgonzalez9l@dot.gov,1 American Court
347,Robert,Warren,rwarren9m@skyrock.com,70772 Blaine Alley
348,Julia,King,jking9n@com.com,7 Melby Drive
349,Harry,Mitchell,hmitchell9o@paypal.com,91513 Commercial Drive
350,Jesse,Howell,jhowell9p@deliciousdays.com,281 Rieder Lane
351,Bonnie,Gibson,bgibson9q@fda.gov,45 Dixon Center
352,Alice,Wagner,awagner9r@msn.com,473 Waywood Plaza
353,Gregory,Peterson,gpeterson9s@photobucket.com,22 Atwood Park
354,Gary,Lewis,glewis9t@hugedomains.com,288 Oneill Alley
355,Sharon,Barnes,sbarnes9u@typepad.com,702 Bellgrove Drive
356,Benjamin,Howard,bhoward9v@senate.gov,60322 Knutson Parkway
357,Janet,Kelly,jkelly9w@free.fr,23 Jackson Alley
358,Gerald,Ellis,gellis9x@usnews.com,3867 Stephen Drive
359,Mary,Sanchez,msanchez9y@wordpress.com,51 Lakewood Gardens Pass
360,Justin,Collins,jcollins9z@apple.com,5 Fisk Drive
361,Frank,Ferguson,ffergusona0@mashable.com,09480 Vera Street
362,Amanda,Roberts,arobertsa1@ifeng.com,62539 Dapin Place
363,Bobby,White,bwhitea2@booking.com,0454 Moose Center
364,Keith,Edwards,kedwardsa3@pagesperso-orange.fr,52 Reinke Plaza
365,Chris,Richards,crichardsa4@liveinternet.ru,78800 6th Street
366,Bobby,Schmidt,bschmidta5@elpais.com,151 Utah Place
367,Martha,Parker,mparkera6@stanford.edu,1129 Continental Street
368,Kathy,Riley,krileya7@lycos.com,1 Brickson Park Place
369,Terry,Henry,thenrya8@columbia.edu,0073 East Road
370,Norma,Crawford,ncrawforda9@addthis.com,396 Annamark Pass
371,Rebecca,Ross,rrossaa@wikipedia.org,514 Luster Junction
372,Evelyn,Willis,ewillisab@feedburner.com,5457 Blackbird Terrace
373,Aaron,Edwards,aedwardsac@prlog.org,668 Packers Place
374,Harold,Bowman,hbowmanad@constantcontact.com,14 Leroy Drive
375,Jeffrey,Harrison,jharrisonae@oracle.com,5669 5th Drive
376,Kimberly,Ryan,kryanaf@usatoday.com,86 Muir Crossing
377,Lawrence,Lopez,llopezag@wp.com,474 Southridge Drive
378,Jeremy,Harvey,jharveyah@ebay.com,589 Loftsgordon Road
379,Shawn,Garza,sgarzaai@dailymail.co.uk,065 Kenwood Center
380,Doris,Chapman,dchapmanaj@cbslocal.com,39 Fisk Trail
381,Virginia,Lane,vlaneak@sciencedirect.com,65513 Lotheville Plaza
382,Jack,Woods,jwoodsal@a8.net,34100 Vidon Street
383,Frances,Nguyen,fnguyenam@cafepress.com,623 Karstens Plaza
384,Catherine,Hansen,chansenan@macromedia.com,00040 Pierstorff Park
385,Randy,Palmer,rpalmerao@posterous.com,506 Sugar Road
386,Ann,Cook,acookap@pinterest.com,8914 Crowley Junction
387,Christine,Kelly,ckellyaq@weebly.com,3 Village Place
388,Nancy,Wagner,nwagnerar@example.com,0 Holy Cross Road
389,Kathy,Porter,kporteras@spiegel.de,2 Kim Hill
390,Sarah,Dixon,sdixonat@linkedin.com,336 Brickson Park Road
391,Deborah,Adams,dadamsau@live.com,3002 Esker Trail
392,Joe,Reynolds,jreynoldsav@mediafire.com,1645 Harper Road
393,Tammy,Ford,tfordaw@ebay.co.uk,77 Ohio Avenue
394,Todd,Jenkins,tjenkinsax@bbc.co.uk,4636 Melody Pass
395,Louise,Frazier,lfrazieray@toplist.cz,4 Reinke Park
396,Ronald,Romero,rromeroaz@ucla.edu,889 Lighthouse Bay Hill
397,Gerald,Payne,gpayneb0@dropbox.com,90357 Autumn Leaf Plaza
398,Andrea,Ford,afordb1@wisc.edu,43607 Delladonna Center
399,Lois,Carpenter,lcarpenterb2@washington.edu,1074 Clemons Crossing
400,Michelle,Henry,mhenryb3@cam.ac.uk,035 Hudson Junction
401,Arthur,Rose,aroseb4@bbc.co.uk,4 Melvin Hill
402,Amanda,Perez,aperezb5@naver.com,31 Thackeray Circle
403,Kevin,Campbell,kcampbellb6@rambler.ru,3190 Dwight Plaza
404,Lori,Hamilton,lhamiltonb7@comsenz.com,601 Helena Way
405,Diane,Parker,dparkerb8@cnn.com,7 Mcbride Street
406,Wayne,Willis,wwillisb9@com.com,4 Laurel Place
407,Henry,Carroll,hcarrollba@livejournal.com,6 Shopko Crossing
408,Gloria,Weaver,gweaverbb@de.vu,1330 Thompson Drive
409,Clarence,Vasquez,cvasquezbc@smh.com.au,91655 Eagan Lane
410,Willie,Flores,wfloresbd@yahoo.com,87221 Sutteridge Lane
411,Linda,Freeman,lfreemanbe@msn.com,41 Mallory Road
412,Mildred,Burke,mburkebf@booking.com,37 Manitowish Junction
413,Tammy,Ferguson,tfergusonbg@nydailynews.com,216 Lakeland Avenue
414,Ryan,Bishop,rbishopbh@live.com,279 Calypso Park
415,Michael,Green,mgreenbi@state.gov,14 Ludington Parkway
416,Lillian,Bryant,lbryantbj@merriam-webster.com,38 Dawn Road
417,Juan,Hernandez,jhernandezbk@issuu.com,065 Northview Lane
418,Larry,Franklin,lfranklinbl@boston.com,29 La Follette Way
419,Margaret,Perry,mperrybm@google.com,34347 Nancy Avenue
420,Russell,Welch,rwelchbn@shop-pro.jp,0083 Toban Center
421,Teresa,Anderson,tandersonbo@homestead.com,4618 Del Mar Park
422,Ashley,Morales,amoralesbp@virginia.edu,317 Myrtle Junction
423,Bruce,Stephens,bstephensbq@hibu.com,60 Petterle Crossing
424,Henry,Hunt,hhuntbr@hubpages.com,355 Lakewood Gardens Crossing
425,Melissa,Powell,mpowellbs@discuz.net,548 Ramsey Park
426,Alice,Vasquez,avasquezbt@blogger.com,88 Nevada Junction
427,Juan,Greene,jgreenebu@cbslocal.com,9 Menomonie Pass
428,Lawrence,Williamson,lwilliamsonbv@statcounter.com,0 Fairfield Pass
429,Rachel,Smith,rsmithbw@google.fr,2945 Spaight Pass
430,Tammy,Lewis,tlewisbx@nifty.com,08185 Express Place
431,Lillian,Parker,lparkerby@samsung.com,87239 Aberg Trail
432,Nancy,Carpenter,ncarpenterbz@chronoengine.com,1931 Little Fleur Street
433,Phillip,Kelley,pkelleyc0@newsvine.com,1504 Hooker Circle
434,Craig,Rivera,criverac1@sakura.ne.jp,502 Barby Hill
435,Steven,Anderson,sandersonc2@zimbio.com,6 Nelson Center
436,Donald,Fox,dfoxc3@ow.ly,760 Spaight Alley
437,Beverly,Hansen,bhansenc4@mozilla.com,75 Maple Wood Lane
438,Ruth,Washington,rwashingtonc5@google.com.au,1335 Cambridge Drive
439,Todd,Fox,tfoxc6@stumbleupon.com,517 Annamark Park
440,Nicole,Wells,nwellsc7@php.net,908 Straubel Junction
441,Louis,Graham,lgrahamc8@xinhuanet.com,3170 Valley Edge Trail
442,Sarah,Peters,spetersc9@prweb.com,65959 Manitowish Park
443,Tina,Hanson,thansonca@yellowbook.com,0938 Buell Way
444,William,Shaw,wshawcb@ucoz.com,2854 Green Crossing
445,Peter,Murray,pmurraycc@linkedin.com,1785 Nancy Junction
446,John,Frazier,jfraziercd@behance.net,7655 Anniversary Court
447,Sean,Roberts,srobertsce@google.co.jp,1 Hovde Center
448,Phyllis,Williams,pwilliamscf@comsenz.com,533 Butternut Crossing
449,Teresa,Mitchell,tmitchellcg@ning.com,27 Browning Hill
450,Wayne,Cruz,wcruzch@free.fr,58752 5th Parkway
451,Nicole,Grant,ngrantci@cdbaby.com,07198 Thierer Junction
452,Brandon,Bishop,bbishopcj@yelp.com,1 Vermont Circle
453,Anthony,Larson,alarsonck@taobao.com,116 Weeping Birch Junction
454,Steve,Boyd,sboydcl@yelp.com,80933 Kim Terrace
455,Randy,Andrews,randrewscm@mac.com,15147 Russell Way
456,Stephen,Spencer,sspencercn@si.edu,6576 Duke Plaza
457,Sean,Perry,sperryco@cnbc.com,487 Mitchell Alley
458,Alice,Bradley,abradleycp@irs.gov,411 Longview Court
459,Andrea,Adams,aadamscq@webs.com,29011 Boyd Place
460,Clarence,Weaver,cweavercr@stanford.edu,213 Melody Alley
461,Douglas,Grant,dgrantcs@ted.com,3 American Ash Terrace
462,Bruce,Peterson,bpetersonct@miibeian.gov.cn,2393 Longview Point
463,Jeffrey,Fox,jfoxcu@marriott.com,95888 Kinsman Avenue
464,Henry,Fuller,hfullercv@mlb.com,4 Mifflin Crossing
465,Joshua,Morgan,jmorgancw@tamu.edu,1 Hoffman Plaza
466,Emily,Clark,eclarkcx@cbsnews.com,1560 Autumn Leaf Lane
467,Craig,Rose,crosecy@dmoz.org,2 Helena Circle
468,Ann,Wilson,awilsoncz@pen.io,1333 Spenser Park
469,Ruby,Reyes,rreyesd0@cpanel.net,75294 Onsgard Road
470,Howard,Castillo,hcastillod1@quantcast.com,2661 Cascade Court
471,Antonio,Carter,acarterd2@symantec.com,0950 Waxwing Pass
472,Michelle,Moore,mmoored3@wikia.com,71 Magdeline Road
473,Heather,Harrison,hharrisond4@gmpg.org,8248 Holmberg Center
474,Irene,Oliver,ioliverd5@dell.com,9051 Cottonwood Point
475,Catherine,Burke,cburked6@posterous.com,09756 Shoshone Place
476,Marilyn,Crawford,mcrawfordd7@hatena.ne.jp,69 Farmco Drive
477,Chris,Lane,claned8@gnu.org,7301 Beilfuss Terrace
478,Shawn,Daniels,sdanielsd9@mozilla.com,7 Green Ridge Drive
479,Eugene,Reed,ereedda@seesaa.net,0 Boyd Avenue
480,Jessica,Perry,jperrydb@sourceforge.net,44291 Hanson Road
481,Brandon,Jackson,bjacksondc@cloudflare.com,1949 Drewry Avenue
482,Lori,Perry,lperrydd@constantcontact.com,7990 Tennessee Terrace
483,Julie,Stevens,jstevensde@foxnews.com,7 Acker Junction
484,Denise,Robinson,drobinsondf@amazon.de,25690 Northfield Hill
485,Martha,Fields,mfieldsdg@telegraph.co.uk,8187 Bayside Point
486,Richard,Ferguson,rfergusondh@canalblog.com,3 Valley Edge Avenue
487,Jesse,Larson,jlarsondi@icio.us,72 Everett Park
488,Lori,Burton,lburtondj@themeforest.net,14 Fair Oaks Street
489,Janice,Jacobs,jjacobsdk@sourceforge.net,64 Straubel Plaza
490,Pamela,Myers,pmyersdl@telegraph.co.uk,127 Toban Alley
491,Cynthia,Garza,cgarzadm@cam.ac.uk,4 Washington Pass
492,Donald,Shaw,dshawdn@deviantart.com,69612 Carpenter Alley
493,Jimmy,Foster,jfosterdo@pcworld.com,76 Roth Trail
494,Sarah,Washington,swashingtondp@aol.com,89162 Glacier Hill Court
495,Barbara,Diaz,bdiazdq@virginia.edu,58295 Lien Terrace
496,Carolyn,Hunt,chuntdr@stanford.edu,94931 Melrose Trail
497,Rebecca,Hudson,rhudsonds@mozilla.org,64 Coleman Court
498,Patricia,Peters,ppetersdt@arizona.edu,0 Dahle Avenue
499,Jeremy,Bradley,jbradleydu@yahoo.com,67 Gina Circle
500,Kelly,Perez,kperezdv@mlb.com,93276 Talmadge Hill
501,Joshua,Ross,jrossdw@cbsnews.com,6 Bay Court
502,Sara,Hicks,shicksdx@cdc.gov,57356 Thompson Park
503,Lois,Howell,lhowelldy@constantcontact.com,0781 Gerald Avenue
504,Donald,Chapman,dchapmandz@tiny.cc,355 Haas Drive
505,Laura,Knight,lknighte0@constantcontact.com,15989 Springview Center
506,Paula,Nguyen,pnguyene1@networksolutions.com,5 Lunder Park
507,Jane,Myers,jmyerse2@wiley.com,3168 Debs Circle
508,Andrew,Payne,apaynee3@sakura.ne.jp,40 Sachtjen Avenue
509,Todd,Larson,tlarsone4@webeden.co.uk,559 Colorado Hill
510,Carolyn,Cooper,ccoopere5@utexas.edu,158 Glacier Hill Drive
511,Kevin,Franklin,kfrankline6@etsy.com,86 Calypso Hill
512,Elizabeth,Kim,ekime7@google.nl,895 Fulton Parkway
513,Richard,Reyes,rreyese8@about.me,813 Spohn Court
514,Clarence,King,ckinge9@techcrunch.com,5891 Ramsey Park
515,Joan,Butler,jbutlerea@tuttocitta.it,4 Clarendon Way
516,Judy,Nelson,jnelsoneb@google.nl,501 Redwing Place
517,Douglas,Allen,dallenec@census.gov,7 Ruskin Court
518,Terry,Sims,tsimsed@edublogs.org,2873 Del Sol Park
519,Elizabeth,Holmes,eholmesee@goodreads.com,01754 Marcy Alley
520,Cheryl,Myers,cmyersef@yellowpages.com,1054 Bobwhite Park
521,Matthew,Butler,mbutlereg@imgur.com,7860 Milwaukee Avenue
522,Mark,Carroll,mcarrolleh@mayoclinic.com,3 Loftsgordon Circle
523,Rebecca,Allen,rallenei@washingtonpost.com,801 Kenwood Trail
524,Kelly,Webb,kwebbej@java.com,497 Golf Course Hill
525,Diane,Sanchez,dsanchezek@mayoclinic.com,825 Mesta Junction
526,Linda,Rose,lroseel@aboutads.info,867 Warbler Crossing
527,Joshua,Johnston,jjohnstonem@github.io,59625 Melrose Point
528,Robert,Thompson,rthompsonen@nsw.gov.au,717 Dwight Way
529,Arthur,Franklin,afranklineo@auda.org.au,50 Carberry Hill
530,Lisa,Watkins,lwatkinsep@about.com,63058 Walton Terrace
531,William,Dixon,wdixoneq@businesswire.com,39 Dovetail Street
532,Joe,Nguyen,jnguyener@theguardian.com,03 Merrick Crossing
533,Elizabeth,Ferguson,efergusones@jiathis.com,803 Mccormick Center
534,Bobby,Hart,bhartet@usa.gov,8629 Anderson Center
535,Virginia,Oliver,volivereu@live.com,71845 Eliot Pass
536,Deborah,Mcdonald,dmcdonaldev@cbslocal.com,34 David Junction
537,Michael,Hernandez,mhernandezew@wisc.edu,6 Tomscot Court
538,Shirley,Montgomery,smontgomeryex@nytimes.com,820 Hallows Drive
539,Kathryn,Lee,kleeey@photobucket.com,8 Westend Court
540,Wayne,Gonzalez,wgonzalezez@yahoo.co.jp,2361 Brentwood Circle
541,Susan,Johnson,sjohnsonf0@aboutads.info,77 Glacier Hill Parkway
542,Sean,Perez,sperezf1@furl.net,2918 Tennyson Center
543,Donald,Myers,dmyersf2@shutterfly.com,92 Magdeline Hill
544,Bruce,Allen,ballenf3@goo.gl,9652 Lukken Terrace
545,Beverly,Carroll,bcarrollf4@skyrock.com,35082 2nd Junction
546,Steve,Wheeler,swheelerf5@soundcloud.com,8 Spaight Way
547,Bruce,Austin,baustinf6@elegantthemes.com,3 Darwin Junction
548,Christopher,Harvey,charveyf7@army.mil,77 Mcbride Court
549,Maria,Scott,mscottf8@oracle.com,52 Ohio Junction
550,Jean,Grant,jgrantf9@reverbnation.com,8337 5th Hill
551,Denise,Morris,dmorrisfa@blogs.com,62 Moulton Crossing
552,Steven,Burke,sburkefb@columbia.edu,6 Mcbride Road
553,Christopher,Arnold,carnoldfc@dell.com,398 Center Drive
554,Samuel,King,skingfd@unesco.org,4 Tony Street
555,Juan,Foster,jfosterfe@pinterest.com,71953 Donald Road
556,Sara,Daniels,sdanielsff@edublogs.org,98 West Point
557,Gerald,Lawson,glawsonfg@umich.edu,7 Aberg Place
558,Maria,Washington,mwashingtonfh@weibo.com,8 Crescent Oaks Road
559,Charles,Larson,clarsonfi@google.es,62693 Blaine Terrace
560,Frances,Ryan,fryanfj@taobao.com,4106 Gateway Place
561,Jonathan,Lane,jlanefk@is.gd,78 Blue Bill Park Crossing
562,Sara,Berry,sberryfl@netvibes.com,0 Portage Place
563,Teresa,Richardson,trichardsonfm@feedburner.com,34 Ronald Regan Park
564,Mark,Anderson,mandersonfn@sohu.com,36546 Dapin Pass
565,Jean,Jordan,jjordanfo@youku.com,73076 Novick Point
566,Andrew,Day,adayfp@tumblr.com,72080 Loomis Hill
567,Jeffrey,Hansen,jhansenfq@acquirethisname.com,38 Buhler Junction
568,Nicholas,Hansen,nhansenfr@shutterfly.com,990 Wayridge Circle
569,Amy,Wheeler,awheelerfs@flickr.com,14838 Loomis Hill
570,Harry,Morris,hmorrisft@topsy.com,899 Boyd Center
571,Gerald,Turner,gturnerfu@va.gov,248 Transport Terrace
572,Scott,Fuller,sfullerfv@paginegialle.it,37043 Melrose Alley
573,Andrew,Brooks,abrooksfw@booking.com,7768 5th Street
574,Joe,Lynch,jlynchfx@freewebs.com,791 Londonderry Street
575,Doris,Schmidt,dschmidtfy@wunderground.com,82 Farwell Lane
576,Douglas,Porter,dporterfz@apple.com,29 Cascade Junction
577,Robert,Mason,rmasong0@china.com.cn,4 Gateway Way
578,Bobby,Riley,brileyg1@hubpages.com,62 Cottonwood Terrace
579,Christina,Romero,cromerog2@booking.com,565 Helena Lane
580,Mildred,Andrews,mandrewsg3@dell.com,3815 Del Mar Park
581,Willie,Peterson,wpetersong4@wordpress.org,29979 Goodland Avenue
582,Lois,Harper,lharperg5@sphinn.com,86 Eastwood Road
583,Carol,Fowler,cfowlerg6@cargocollective.com,56 Declaration Junction
584,Eric,Gordon,egordong7@slashdot.org,6 West Junction
585,Maria,Lynch,mlynchg8@alexa.com,7 Sugar Circle
586,Eric,Harris,eharrisg9@ehow.com,67 American Ash Trail
587,Joyce,Riley,jrileyga@lycos.com,0690 Florence Way
588,Dennis,Chapman,dchapmangb@miitbeian.gov.cn,16 Rowland Park
589,Christine,Garcia,cgarciagc@cargocollective.com,82412 Charing Cross Avenue
590,Louise,Chapman,lchapmangd@yahoo.co.jp,401 Hauk Avenue
591,Henry,Gardner,hgardnerge@hp.com,06 Summer Ridge Center
592,Richard,Baker,rbakergf@ycombinator.com,0 Golden Leaf Pass
593,Jeremy,Burton,jburtongg@java.com,1404 Vahlen Place
594,James,Jacobs,jjacobsgh@plala.or.jp,0709 Burning Wood Trail
595,Christina,Harris,charrisgi@imageshack.us,2234 Graedel Street
596,Teresa,Garrett,tgarrettgj@over-blog.com,34534 Pepper Wood Park
597,Gerald,Thompson,gthompsongk@weebly.com,1 Hansons Park
598,Laura,Myers,lmyersgl@usda.gov,17 Arkansas Hill
599,Angela,Berry,aberrygm@mashable.com,5 Myrtle Way
600,Irene,Holmes,iholmesgn@state.tx.us,81179 Sullivan Alley
601,Marilyn,Little,mlittlego@usgs.gov,15 Superior Way
602,Carol,Anderson,candersongp@shutterfly.com,41 Leroy Pass
603,Kelly,Kelley,kkelleygq@disqus.com,52 Sutteridge Parkway
604,Christine,Morgan,cmorgangr@twitter.com,184 Namekagon Avenue
605,Jeffrey,Cox,jcoxgs@slashdot.org,8 Kings Point
606,Carol,Armstrong,carmstronggt@tmall.com,58806 Holmberg Court
607,Teresa,Kelley,tkelleygu@furl.net,60409 Park Meadow Street
608,Christine,Gardner,cgardnergv@addtoany.com,590 Hayes Parkway
609,Brandon,Green,bgreengw@opensource.org,3 Sheridan Circle
610,Ruth,Holmes,rholmesgx@jigsy.com,0 Valley Edge Road
611,Willie,Nelson,wnelsongy@mozilla.com,46 Bluestem Crossing
612,Louise,Sims,lsimsgz@booking.com,5197 Becker Street
613,Carol,Wood,cwoodh0@pcworld.com,8 Meadow Ridge Plaza
614,Wayne,Lane,wlaneh1@t-online.de,7898 Bay Center
615,Jane,Mitchell,jmitchellh2@ca.gov,74647 7th Drive
616,Lisa,Alvarez,lalvarezh3@4shared.com,35881 Eagle Crest Avenue
617,Roger,Powell,rpowellh4@github.com,5629 Westridge Hill
618,Joyce,Ward,jwardh5@nydailynews.com,1 Tennyson Center
619,Melissa,Medina,mmedinah6@springer.com,62466 Beilfuss Drive
620,Aaron,Reed,areedh7@comsenz.com,62 Kedzie Pass
621,Melissa,Cole,mcoleh8@netscape.com,58819 Warner Park
622,Linda,Carpenter,lcarpenterh9@howstuffworks.com,81 Bonner Street
623,Barbara,Weaver,bweaverha@tinyurl.com,871 Barby Place
624,Kathryn,White,kwhitehb@skyrock.com,44 Union Trail
625,Benjamin,Mendoza,bmendozahc@upenn.edu,947 Lawn Pass
626,Christina,Edwards,cedwardshd@theatlantic.com,380 Homewood Point
627,Brenda,Butler,bbutlerhe@ed.gov,02 Colorado Circle
628,Bonnie,Graham,bgrahamhf@washingtonpost.com,73 Lindbergh Trail
629,Anthony,Andrews,aandrewshg@naver.com,1244 Katie Alley
630,Juan,Alexander,jalexanderhh@ovh.net,8101 Moulton Crossing
631,Joshua,Hanson,jhansonhi@microsoft.com,02925 Hollow Ridge Street
632,Brenda,Mcdonald,bmcdonaldhj@mit.edu,7478 Green Crossing
633,David,Martinez,dmartinezhk@rakuten.co.jp,7227 Blaine Way
634,Lisa,Dunn,ldunnhl@princeton.edu,9172 Shoshone Center
635,Ernest,Austin,eaustinhm@odnoklassniki.ru,44329 Butternut Pass
636,Martin,Weaver,mweaverhn@toplist.cz,6 Boyd Drive
637,Charles,Thomas,cthomasho@moonfruit.com,9390 Rieder Court
638,Gloria,Roberts,grobertshp@cbc.ca,79 Hudson Hill
639,Julia,Chavez,jchavezhq@flavors.me,9427 Fulton Place
640,Carl,Reed,creedhr@studiopress.com,7 Browning Circle
641,Bruce,Wallace,bwallacehs@usatoday.com,007 Merry Circle
642,Ruth,Price,rpriceht@linkedin.com,96 Melody Place
643,Louis,Ortiz,lortizhu@symantec.com,7183 Eastlawn Road
644,Carl,Gardner,cgardnerhv@rakuten.co.jp,76 Mesta Center
645,Jack,Reyes,jreyeshw@google.pl,8752 Valley Edge Hill
646,George,Perkins,gperkinshx@odnoklassniki.ru,66911 Gerald Alley
647,Lawrence,Ramirez,lramirezhy@posterous.com,11 Tennessee Court
648,Ryan,Ortiz,rortizhz@quantcast.com,7 Tennyson Junction
649,Katherine,Vasquez,kvasquezi0@bloomberg.com,57 Holy Cross Parkway
650,Tina,Gray,tgrayi1@github.io,830 Mifflin Center
651,Marilyn,Turner,mturneri2@ihg.com,929 Mallard Lane
652,Keith,Morrison,kmorrisoni3@mayoclinic.com,54117 Nobel Trail
653,Stephen,Stevens,sstevensi4@seesaa.net,57 Park Meadow Parkway
654,Judy,Taylor,jtaylori5@reference.com,55812 Melvin Pass
655,Jerry,Cooper,jcooperi6@wufoo.com,571 Miller Lane
656,Carl,Jacobs,cjacobsi7@pcworld.com,5 Hallows Terrace
657,Cynthia,Porter,cporteri8@pen.io,073 Esch Terrace
658,Teresa,Mcdonald,tmcdonaldi9@deviantart.com,1929 Becker Junction
659,Ashley,Ellis,aellisia@hhs.gov,9 Sage Drive
660,Jeffrey,Knight,jknightib@nsw.gov.au,718 Chive Lane
661,Anthony,Bishop,abishopic@phoca.cz,46 Vermont Parkway
662,Denise,Fisher,dfisherid@upenn.edu,9 Becker Pass
663,Clarence,Fowler,cfowlerie@intel.com,6 Ryan Way
664,Ashley,Nichols,anicholsif@sogou.com,61 Reinke Drive
665,Brandon,Stephens,bstephensig@kickstarter.com,60192 Blue Bill Park Avenue
666,Bruce,Olson,bolsonih@comcast.net,90025 Ruskin Crossing
667,Sandra,Armstrong,sarmstrongii@naver.com,58485 Dryden Way
668,Arthur,Morales,amoralesij@jalbum.net,3 Roth Avenue
669,Scott,Gilbert,sgilbertik@irs.gov,701 Hudson Lane
670,Anna,Larson,alarsonil@altervista.org,5 Canary Lane
671,Louis,Simpson,lsimpsonim@facebook.com,46589 Kennedy Junction
672,Carlos,Johnson,cjohnsonin@bing.com,8 Namekagon Junction
673,Diana,Gonzalez,dgonzalezio@cornell.edu,6 Warbler Trail
674,Antonio,Crawford,acrawfordip@reddit.com,1709 Maywood Parkway
675,Sara,Torres,storresiq@cnn.com,65 West Place
676,Denise,Wright,dwrightir@springer.com,6 Mallory Alley
677,Elizabeth,Diaz,ediazis@ebay.com,6 Truax Trail
678,Robin,Wright,rwrightit@europa.eu,7 Bayside Point
679,George,Simmons,gsimmonsiu@guardian.co.uk,38227 Vermont Avenue
680,Theresa,Meyer,tmeyeriv@wiley.com,62 Eagan Drive
681,Kevin,King,kkingiw@dmoz.org,3 Badeau Crossing
682,Cheryl,Armstrong,carmstrongix@moonfruit.com,4 Kropf Pass
683,Jacqueline,Sims,jsimsiy@utexas.edu,49 Summerview Terrace
684,Pamela,Miller,pmilleriz@digg.com,00268 Marquette Terrace
685,Sara,Olson,solsonj0@vk.com,2928 Maryland Street
686,Wayne,Brooks,wbrooksj1@bloglines.com,01 Garrison Terrace
687,Robert,Welch,rwelchj2@utexas.edu,16725 Jenifer Alley
688,Justin,Holmes,jholmesj3@shinystat.com,916 Kensington Way
689,Christopher,Welch,cwelchj4@blinklist.com,08 Garrison Terrace
690,Aaron,Watson,awatsonj5@linkedin.com,91694 Jackson Place
691,Ruby,Bennett,rbennettj6@purevolume.com,0267 Bonner Avenue
692,Patricia,Garcia,pgarciaj7@ebay.com,516 Montana Plaza
693,Phillip,Rogers,progersj8@bbc.co.uk,18938 Mallard Lane
694,Gregory,Edwards,gedwardsj9@princeton.edu,5633 Prairieview Place
695,Billy,Bradley,bbradleyja@time.com,0706 Lukken Parkway
696,Susan,Barnes,sbarnesjb@ftc.gov,91607 Lawn Way
697,Jimmy,King,jkingjc@barnesandnoble.com,2960 Gateway Park
698,Jason,Hall,jhalljd@eepurl.com,59 Jackson Junction
699,Theresa,Richardson,trichardsonje@msu.edu,4 Erie Place
700,Sandra,Thomas,sthomasjf@theatlantic.com,9807 Melby Plaza
701,Daniel,Grant,dgrantjg@yellowpages.com,42123 Goodland Place
702,Brandon,Walker,bwalkerjh@vkontakte.ru,4 Roxbury Avenue
703,Evelyn,Olson,eolsonji@mail.ru,0 Carey Terrace
704,John,Hicks,jhicksjj@sphinn.com,06071 Novick Junction
705,Paula,Jordan,pjordanjk@elpais.com,56 Crest Line Way
706,Tina,Romero,tromerojl@cbsnews.com,104 Golf View Place
707,Margaret,Martin,mmartinjm@skyrock.com,05522 Loomis Lane
708,Michael,Day,mdayjn@weather.com,95 Morningstar Crossing
709,Diana,Rivera,driverajo@webmd.com,58668 Shelley Street
710,Diane,Ford,dfordjp@i2i.jp,543 Miller Hill
711,Louise,Alexander,lalexanderjq@ibm.com,6 Thompson Street
712,Tina,Fuller,tfullerjr@businessinsider.com,237 Kensington Junction
713,Linda,Rodriguez,lrodriguezjs@google.fr,82780 Eastlawn Hill
714,Ryan,Vasquez,rvasquezjt@toplist.cz,869 Hanover Pass
715,Scott,Porter,sporterju@360.cn,44 Springview Lane
716,Todd,Fisher,tfisherjv@vinaora.com,4 Cambridge Terrace
717,Carlos,Vasquez,cvasquezjw@prnewswire.com,342 Carey Lane
718,Brian,Coleman,bcolemanjx@cnbc.com,1758 Buhler Parkway
719,Anne,Cox,acoxjy@ted.com,10 Forster Parkway
720,Anna,Black,ablackjz@parallels.com,68944 Mifflin Crossing
721,Helen,Taylor,htaylork0@umich.edu,3956 Mcbride Trail
722,Christina,Ray,crayk1@xinhuanet.com,07 Anzinger Hill
723,Nicholas,Sanchez,nsanchezk2@symantec.com,0 Darwin Plaza
724,Diane,Ellis,dellisk3@bloomberg.com,48600 Kings Parkway
725,Michelle,Dixon,mdixonk4@walmart.com,5265 Fordem Junction
726,Christine,Ray,crayk5@java.com,26452 Stephen Road
727,Kevin,Miller,kmillerk6@dropbox.com,68 Maple Wood Plaza
728,Gary,James,gjamesk7@ustream.tv,4 Debra Lane
729,Denise,James,djamesk8@plala.or.jp,1491 Brickson Park Avenue
730,Albert,Turner,aturnerk9@wufoo.com,9 Forster Alley
731,Carl,Peters,cpeterska@desdev.cn,786 Troy Street
732,Dennis,Williamson,dwilliamsonkb@ibm.com,14425 Prentice Way
733,Lois,Thompson,lthompsonkc@hexun.com,30 Mayer Terrace
734,Aaron,Sims,asimskd@addtoany.com,4 Algoma Place
735,Emily,Howell,ehowellke@devhub.com,9 Iowa Junction
736,Alan,Franklin,afranklinkf@cam.ac.uk,54 Tennessee Terrace
737,Joan,Murphy,jmurphykg@fda.gov,94 Westerfield Circle
738,Ann,Lane,alanekh@howstuffworks.com,6108 Anniversary Junction
739,Brandon,Griffin,bgriffinki@pcworld.com,52873 Artisan Terrace
740,Phyllis,Crawford,pcrawfordkj@pagesperso-orange.fr,76 Helena Trail
741,Judith,Jones,jjoneskk@blog.com,334 Pierstorff Avenue
742,Clarence,Gordon,cgordonkl@dion.ne.jp,670 David Circle
743,Harold,Fields,hfieldskm@wordpress.com,699 Cody Point
744,Phillip,Banks,pbankskn@sphinn.com,950 Oak Valley Way
745,Richard,Reynolds,rreynoldsko@weather.com,3927 Mockingbird Pass
746,Barbara,Murphy,bmurphykp@discovery.com,2 Hollow Ridge Junction
747,Antonio,Banks,abankskq@github.com,9613 Dennis Point
748,Kenneth,Fuller,kfullerkr@github.com,36648 Spohn Park
749,Carl,Thomas,cthomasks@wordpress.org,50 Lyons Center
750,Marilyn,Palmer,mpalmerkt@shutterfly.com,65104 Garrison Alley
751,Carolyn,Banks,cbanksku@dyndns.org,72953 Linden Avenue
752,Bobby,Jones,bjoneskv@smugmug.com,21377 Meadow Ridge Circle
753,Lillian,Fowler,lfowlerkw@rediff.com,812 Parkside Park
754,Philip,Shaw,pshawkx@plala.or.jp,1207 Huxley Way
755,Kevin,Lynch,klynchky@bloomberg.com,15 Corry Hill
756,Barbara,Hansen,bhansenkz@webs.com,0081 Rusk Junction
757,Mary,Matthews,mmatthewsl0@simplemachines.org,68739 Larry Circle
758,Paul,Kim,pkiml1@360.cn,9124 Maple Junction
759,Gregory,Myers,gmyersl2@techcrunch.com,9 Manufacturers Street
760,Wanda,Gonzalez,wgonzalezl3@gnu.org,33 Lillian Crossing
761,Janice,West,jwestl4@hp.com,95 2nd Parkway
762,Frances,Cruz,fcruzl5@goo.ne.jp,402 Esker Way
763,Elizabeth,Hudson,ehudsonl6@yolasite.com,37274 Debra Parkway
764,Alan,Mills,amillsl7@icq.com,6 Elka Crossing
765,Ralph,Riley,rrileyl8@nature.com,2976 Corscot Junction
766,Patrick,Reed,preedl9@mail.ru,48 Muir Place
767,Sharon,Andrews,sandrewsla@imgur.com,60 Portage Trail
768,Albert,Gibson,agibsonlb@ftc.gov,3 Scofield Crossing
769,Lisa,Larson,llarsonlc@canalblog.com,40 Charing Cross Way
770,Jesse,Cooper,jcooperld@huffingtonpost.com,244 Thackeray Junction
771,Norma,Watkins,nwatkinsle@webeden.co.uk,93 Trailsway Pass
772,Howard,Robinson,hrobinsonlf@shareasale.com,7764 Prairieview Circle
773,Johnny,Gilbert,jgilbertlg@phpbb.com,35947 Bluestem Way
774,Jennifer,Richardson,jrichardsonlh@ameblo.jp,462 Rockefeller Way
775,David,Snyder,dsnyderli@home.pl,8658 Lotheville Street
776,Rachel,Morgan,rmorganlj@ucoz.com,8174 Carey Alley
777,Kathryn,Ryan,kryanlk@webs.com,58 Clove Trail
778,Eugene,Young,eyoungll@abc.net.au,2 Lyons Hill
779,Rachel,Lawson,rlawsonlm@ocn.ne.jp,081 Shasta Point
780,Judith,Warren,jwarrenln@vimeo.com,6921 Golf Course Court
781,Raymond,Carr,rcarrlo@europa.eu,88890 Jenifer Point
782,Jose,Burns,jburnslp@weather.com,059 Barby Court
783,Keith,Gonzalez,kgonzalezlq@boston.com,0304 New Castle Road
784,Arthur,Fields,afieldslr@chron.com,05 American Court
785,Jane,Lawson,jlawsonls@wix.com,7 Derek Alley
786,Matthew,Wood,mwoodlt@tmall.com,86 East Parkway
787,Stephanie,Payne,spaynelu@eventbrite.com,2 Kipling Point
788,Larry,Harvey,lharveylv@networksolutions.com,1327 Service Plaza
789,Rachel,Brown,rbrownlw@mit.edu,2 Scofield Circle
790,Jesse,Fields,jfieldslx@ifeng.com,8556 Jenifer Drive
791,George,Rodriguez,grodriguezly@yahoo.com,9 Southridge Drive
792,Norma,Hudson,nhudsonlz@fda.gov,88953 Express Street
793,Jesse,Greene,jgreenem0@ca.gov,8202 Monument Parkway
794,Chris,Palmer,cpalmerm1@hc360.com,35666 Center Circle
795,Gregory,Hudson,ghudsonm2@wiley.com,81 Heffernan Circle
796,Louis,Cruz,lcruzm3@fda.gov,3 Fuller Court
797,Roy,Roberts,rrobertsm4@51.la,9269 Old Gate Street
798,Annie,Price,apricem5@gizmodo.com,5 Reinke Terrace
799,Linda,Welch,lwelchm6@symantec.com,55 Memorial Court
800,Harry,Perry,hperrym7@unc.edu,2 Esch Crossing
801,Anna,Chavez,achavezm8@goodreads.com,2 Dayton Hill
802,Earl,West,ewestm9@comsenz.com,6 Raven Trail
803,Joyce,Bishop,jbishopma@constantcontact.com,56 Johnson Pass
804,Jonathan,Williams,jwilliamsmb@yelp.com,0571 American Way
805,Lillian,Price,lpricemc@qq.com,9028 Killdeer Park
806,Lawrence,George,lgeorgemd@bandcamp.com,25 Meadow Vale Alley
807,Martin,Willis,mwillisme@flavors.me,005 Corben Crossing
808,Philip,Gray,pgraymf@blogspot.com,31174 Paget Parkway
809,Fred,Young,fyoungmg@addtoany.com,24665 Spohn Plaza
810,Angela,Nichols,anicholsmh@uol.com.br,89 Hallows Park
811,Susan,Ray,sraymi@github.com,73464 Kedzie Parkway
812,Russell,Green,rgreenmj@plala.or.jp,682 Thompson Point
813,Nicole,Hernandez,nhernandezmk@ebay.com,2712 Hazelcrest Lane
814,Edward,Ryan,eryanml@dot.gov,9 American Drive
815,Sharon,Owens,sowensmm@360.cn,6 Oakridge Hill
816,Gregory,Carpenter,gcarpentermn@hc360.com,294 Main Hill
817,Matthew,Hayes,mhayesmo@npr.org,59321 Blue Bill Park Hill
818,Angela,Reed,areedmp@trellian.com,07386 Sheridan Drive
819,Brandon,Wood,bwoodmq@google.es,3365 Bowman Circle
820,Robert,Castillo,rcastillomr@icio.us,07679 Magdeline Junction
821,Heather,Watson,hwatsonms@wikispaces.com,3755 Golf Way
822,Eric,Ramirez,eramirezmt@scientificamerican.com,82907 Garrison Point
823,Mary,Moore,mmooremu@yellowbook.com,9971 Eagle Crest Road
824,Cheryl,Lee,cleemv@nature.com,35 Bunker Hill Park
825,Judy,Sanders,jsandersmw@auda.org.au,03108 Scott Circle
826,Brenda,Castillo,bcastillomx@engadget.com,08 Parkside Street
827,Betty,Sims,bsimsmy@friendfeed.com,56 Manufacturers Park
828,Ryan,Jackson,rjacksonmz@telegraph.co.uk,08178 Arapahoe Terrace
829,Eugene,Ortiz,eortizn0@ft.com,024 Tomscot Trail
830,Lisa,Palmer,lpalmern1@prlog.org,265 Center Court
831,Ryan,Russell,rrusselln2@stumbleupon.com,9486 Jenna Trail
832,Andrew,Little,alittlen3@ifeng.com,43277 Maryland Lane
833,Betty,Turner,bturnern4@g.co,1248 Laurel Alley
834,Randy,Fowler,rfowlern5@blog.com,07816 Utah Street
835,Teresa,George,tgeorgen6@hugedomains.com,38 Shopko Terrace
836,Andrew,Mcdonald,amcdonaldn7@ifeng.com,0773 Marquette Way
837,Kenneth,Black,kblackn8@instagram.com,916 Maple Plaza
838,Phillip,Bryant,pbryantn9@ifeng.com,20096 Hoffman Road
839,Ralph,Franklin,rfranklinna@abc.net.au,44 Laurel Junction
840,Joe,Jacobs,jjacobsnb@sogou.com,38376 Duke Court
841,Juan,Kennedy,jkennedync@spiegel.de,6 Mcbride Pass
842,Joshua,Bailey,jbaileynd@sfgate.com,385 Ryan Way
843,Jacqueline,James,jjamesne@wiley.com,753 Crescent Oaks Lane
844,Stephanie,Jordan,sjordannf@smugmug.com,3 Dorton Place
845,Stephen,Rivera,sriverang@creativecommons.org,4956 Laurel Trail
846,Wanda,Dean,wdeannh@theatlantic.com,7847 Walton Place
847,Sharon,Wilson,swilsonni@blogspot.com,775 Talmadge Pass
848,Michael,Nichols,mnicholsnj@shop-pro.jp,6 Kim Place
849,Ruby,Boyd,rboydnk@ehow.com,9638 Mcguire Road
850,Roger,Hernandez,rhernandeznl@theguardian.com,889 Lighthouse Bay Park
851,Victor,Hunter,vhunternm@360.cn,579 Helena Terrace
852,Joshua,Coleman,jcolemannn@sfgate.com,9 Ludington Court
853,Jason,Baker,jbakerno@mysql.com,2 Havey Hill
854,Patrick,White,pwhitenp@joomla.org,8 Kennedy Plaza
855,Judy,Butler,jbutlernq@google.pl,7 Anthes Pass
856,Craig,Reyes,creyesnr@nytimes.com,23 Shelley Place
857,Larry,Lane,llanens@sourceforge.net,7584 Crest Line Road
858,Phillip,Little,plittlent@so-net.ne.jp,2 Katie Circle
859,Jeremy,Dunn,jdunnnu@columbia.edu,3 Waubesa Crossing
860,Debra,Harper,dharpernv@google.nl,9 Longview Alley
861,George,Hunt,ghuntnw@cdc.gov,74 Eliot Trail
862,Ernest,Hill,ehillnx@zdnet.com,083 Knutson Point
863,Kathleen,Hart,khartny@webnode.com,407 Hudson Avenue
864,Carlos,Hamilton,chamiltonnz@ycombinator.com,33 Hazelcrest Lane
865,Karen,Jenkins,kjenkinso0@pbs.org,1091 High Crossing Court
866,Todd,Bryant,tbryanto1@mashable.com,0526 Delaware Place
867,Paul,Baker,pbakero2@prnewswire.com,54984 Sunnyside Crossing
868,Jean,Grant,jgranto3@xrea.com,190 Stoughton Lane
869,Ralph,Bailey,rbaileyo4@myspace.com,6 Alpine Avenue
870,Helen,Freeman,hfreemano5@army.mil,762 Gerald Court
871,Catherine,Watkins,cwatkinso6@printfriendly.com,64825 Old Shore Point
872,Harold,Spencer,hspencero7@uol.com.br,6698 Lawn Parkway
873,Steve,Arnold,sarnoldo8@spiegel.de,0767 Prentice Junction
874,Donna,Dunn,ddunno9@yellowbook.com,30476 Hallows Pass
875,Michael,Gardner,mgardneroa@oracle.com,5644 School Pass
876,Linda,Austin,laustinob@chronoengine.com,04 Mesta Point
877,William,Nelson,wnelsonoc@usnews.com,22895 Ronald Regan Street
878,Joyce,Tucker,jtuckerod@geocities.com,68 Bunting Road
879,Gregory,Mason,gmasonoe@over-blog.com,2 Kings Place
880,Justin,Jacobs,jjacobsof@reddit.com,0446 Golf Course Avenue
881,Donald,Oliver,doliverog@ed.gov,88509 Toban Pass
882,Jacqueline,Ray,jrayoh@theguardian.com,65 Clarendon Place
883,Susan,Mcdonald,smcdonaldoi@blinklist.com,28 Buhler Park
884,Ernest,Long,elongoj@symantec.com,00 Clove Terrace
885,Kimberly,Kennedy,kkennedyok@ow.ly,14 Clyde Gallagher Way
886,Donna,Chavez,dchavezol@auda.org.au,5141 Moland Hill
887,John,Diaz,jdiazom@nhs.uk,3175 American Ash Avenue
888,Frances,Perkins,fperkinson@liveinternet.ru,11574 Sage Street
889,Emily,Rice,ericeoo@arstechnica.com,0890 Sauthoff Hill
890,Jesse,Young,jyoungop@miitbeian.gov.cn,7962 Northfield Court
891,Dennis,Hanson,dhansonoq@howstuffworks.com,933 Westport Court
892,Rachel,Kelley,rkelleyor@oracle.com,86 Paget Avenue
893,Paula,Jenkins,pjenkinsos@example.com,66556 Gateway Point
894,Christine,Gilbert,cgilbertot@skype.com,02 West Hill
895,Deborah,Stewart,dstewartou@spotify.com,54 Granby Plaza
896,Teresa,Reed,treedov@dyndns.org,8 Steensland Parkway
897,Alice,Thompson,athompsonow@mac.com,23785 Bunker Hill Plaza
898,Russell,Matthews,rmatthewsox@com.com,6 Kinsman Park
899,Justin,Taylor,jtayloroy@friendfeed.com,2 Continental Junction
900,Chris,Thompson,cthompsonoz@umich.edu,1 Fremont Circle
901,Joe,Hawkins,jhawkinsp0@naver.com,262 Michigan Lane
902,Wanda,Ramos,wramosp1@china.com.cn,60 Bowman Circle
903,Julia,Harper,jharperp2@1und1.de,97 Marquette Road
904,Carol,Sullivan,csullivanp3@blinklist.com,8 Goodland Trail
905,Thomas,Hart,thartp4@comcast.net,0 Esker Center
906,Walter,Medina,wmedinap5@cloudflare.com,3 Colorado Hill
907,Janet,Peterson,jpetersonp6@istockphoto.com,50724 Crest Line Hill
908,Michelle,Mills,mmillsp7@newyorker.com,67 Northport Street
909,Jose,Webb,jwebbp8@sun.com,9425 Stone Corner Plaza
910,Albert,Hunt,ahuntp9@sohu.com,5 Roth Crossing
911,Edward,Reid,ereidpa@youtu.be,33 Maryland Avenue
912,Jessica,Powell,jpowellpb@spiegel.de,5836 Gina Way
913,Louise,Rodriguez,lrodriguezpc@wikipedia.org,98 Wayridge Place
914,Lillian,Montgomery,lmontgomerypd@constantcontact.com,89534 Fair Oaks Way
915,Eugene,Harrison,eharrisonpe@google.it,3090 Kropf Park
916,Timothy,George,tgeorgepf@omniture.com,98 Namekagon Street
917,Betty,Howell,bhowellpg@yandex.ru,91149 Swallow Street
918,Brian,Medina,bmedinaph@reference.com,44063 Monica Terrace
919,Ronald,Parker,rparkerpi@qq.com,323 Mendota Parkway
920,Anne,Hicks,ahickspj@theatlantic.com,51 Montana Plaza
921,Amanda,Jacobs,ajacobspk@plala.or.jp,13057 Katie Drive
922,Tina,Gray,tgraypl@xinhuanet.com,402 Hintze Road
923,Billy,Wheeler,bwheelerpm@phoca.cz,0 Ridgeway Hill
924,Douglas,Sullivan,dsullivanpn@360.cn,7946 Butternut Avenue
925,Daniel,Hunter,dhunterpo@blogs.com,9 Briar Crest Road
926,Scott,Dunn,sdunnpp@miibeian.gov.cn,725 Oxford Lane
927,Kathryn,Schmidt,kschmidtpq@imdb.com,265 Bartillon Road
928,Benjamin,Reynolds,breynoldspr@mtv.com,44895 Packers Drive
929,Jessica,Washington,jwashingtonps@exblog.jp,69 Northland Hill
930,Walter,Henderson,whendersonpt@ebay.co.uk,2 Sycamore Pass
931,Robin,Collins,rcollinspu@netlog.com,64368 Bay Terrace
932,Phillip,Alexander,palexanderpv@scribd.com,4182 Melby Drive
933,Jacqueline,Hansen,jhansenpw@friendfeed.com,34553 Maple Wood Lane
934,Ann,Bishop,abishoppx@facebook.com,5324 Northport Court
935,Susan,Mccoy,smccoypy@tripadvisor.com,1017 Carioca Plaza
936,Judith,Gardner,jgardnerpz@walmart.com,40432 Michigan Court
937,Lois,Martinez,lmartinezq0@noaa.gov,9906 Buhler Pass
938,Ernest,Berry,eberryq1@slideshare.net,308 Susan Street
939,Michael,Cook,mcookq2@guardian.co.uk,8 Quincy Crossing
940,Christopher,Hanson,chansonq3@baidu.com,52301 Lakeland Avenue
941,Kathy,Phillips,kphillipsq4@businessweek.com,294 Meadow Valley Way
942,Jose,Howell,jhowellq5@goodreads.com,4 Red Cloud Circle
943,Ryan,Frazier,rfrazierq6@paginegialle.it,0890 Longview Drive
944,Carol,Mitchell,cmitchellq7@patch.com,8 Forster Pass
945,Eric,Austin,eaustinq8@networksolutions.com,6585 Eastwood Street
946,Ronald,Mcdonald,rmcdonaldq9@webmd.com,982 Towne Park
947,Albert,Simpson,asimpsonqa@gmpg.org,638 Mcbride Place
948,Carol,Clark,cclarkqb@gravatar.com,13 Caliangt Alley
949,Gregory,Cook,gcookqc@yahoo.com,135 Elka Lane
950,Gregory,Coleman,gcolemanqd@github.com,14 Monica Park
951,Kathleen,Austin,kaustinqe@dropbox.com,92 Iowa Center
952,Margaret,Garcia,mgarciaqf@pcworld.com,8 Thackeray Alley
953,Kathleen,Wheeler,kwheelerqg@cnbc.com,53 Vahlen Alley
954,Melissa,Reyes,mreyesqh@amazon.co.jp,6 Claremont Drive
955,George,Owens,gowensqi@domainmarket.com,4 Sloan Road
956,Brian,Riley,brileyqj@arstechnica.com,1 Elgar Park
957,Amanda,Barnes,abarnesqk@unesco.org,7282 Mayer Lane
958,Janice,Hernandez,jhernandezql@usnews.com,01 Melody Trail
959,Chris,Collins,ccollinsqm@nymag.com,755 Twin Pines Way
960,Kathy,Mccoy,kmccoyqn@bluehost.com,9063 Waubesa Street
961,Rachel,Pierce,rpierceqo@nasa.gov,97448 Pearson Drive
962,Gerald,Tucker,gtuckerqp@loc.gov,69657 4th Park
963,Jane,Riley,jrileyqq@nyu.edu,1373 Farmco Drive
964,Benjamin,Fields,bfieldsqr@fotki.com,0 Luster Circle
965,Patricia,Miller,pmillerqs@timesonline.co.uk,77 Memorial Court
966,Marilyn,Torres,mtorresqt@dot.gov,31 Eagan Lane
967,Teresa,Smith,tsmithqu@lycos.com,2 Huxley Point
968,Irene,Evans,ievansqv@shareasale.com,513 Dexter Pass
969,Jeffrey,Gonzalez,jgonzalezqw@freewebs.com,320 Buhler Place
970,Brian,Ferguson,bfergusonqx@amazon.co.uk,76876 Scoville Terrace
971,Pamela,Vasquez,pvasquezqy@biglobe.ne.jp,62 Mcbride Way
972,Johnny,Frazier,jfrazierqz@forbes.com,22 Holmberg Alley
973,Steve,Rogers,srogersr0@bing.com,87662 Butternut Hill
974,Marilyn,Hunt,mhuntr1@studiopress.com,07581 Dayton Point
975,Shawn,Lopez,slopezr2@ycombinator.com,0 Debs Road
976,Lillian,Peters,lpetersr3@cargocollective.com,8700 Old Shore Trail
977,Joe,Freeman,jfreemanr4@yandex.ru,6038 Autumn Leaf Road
978,Harry,Ruiz,hruizr5@imgur.com,339 Oriole Drive
979,George,Johnston,gjohnstonr6@zdnet.com,1717 Myrtle Way
980,Beverly,Morgan,bmorganr7@noaa.gov,42 Almo Drive
981,Shawn,Watkins,swatkinsr8@techcrunch.com,8 Hollow Ridge Pass
982,Robert,Gonzales,rgonzalesr9@vimeo.com,3 Huxley Parkway
983,Ruby,Gilbert,rgilbertra@chronoengine.com,15 Basil Court
984,Juan,Boyd,jboydrb@telegraph.co.uk,305 American Ash Way
985,John,Morrison,jmorrisonrc@examiner.com,83 4th Court
986,Keith,Graham,kgrahamrd@scribd.com,403 Del Mar Crossing
987,Patrick,Mcdonald,pmcdonaldre@spiegel.de,694 Hudson Junction
988,Ruby,Kelly,rkellyrf@chron.com,97962 Coolidge Road
989,Linda,Morrison,lmorrisonrg@tripadvisor.com,77 North Hill
990,Harold,Peters,hpetersrh@who.int,38 Carpenter Terrace
991,Barbara,Bryant,bbryantri@ehow.com,7307 Hoard Pass
992,Bobby,Jacobs,bjacobsrj@google.com.au,9 Warrior Trail
993,Karen,Wheeler,kwheelerrk@tmall.com,2 Russell Circle
994,Juan,Carpenter,jcarpenterrl@miitbeian.gov.cn,00224 Hermina Circle
995,Lois,Kim,lkimrm@yandex.ru,794 Lunder Court
996,Patrick,Larson,plarsonrn@wp.com,29474 Transport Point
997,Mary,Anderson,mandersonro@google.cn,17 Nova Place
998,Eugene,Henry,ehenryrp@e-recht24.de,6699 Johnson Lane
999,Deborah,Tucker,dtuckerrq@google.com.au,21 4th Road
1000,Mark,Garza,mgarzarr@uol.com.br,173 Esch Trail
